country,isocode,totalvaccinations,totalbooster,fullyvaccinated
Congo,COG,625579.0,0.0,128936.0
Jamaica,JAM,1086928.0,0.0,498762.0
Timor,TLS,0.0,0.0,0.0
Uruguay,URY,6766558.0,1364138.0,2653424.0
New Caledonia,NCL,0.0,0.0,0.0
Ecuador,ECU,24619310.0,330856.0,11140453.0
Norway,NOR,8511068.0,464607.0,3811329.0
Malawi,MWI,1382977.0,0.0,595701.0
Malta,MLT,939732.0,104989.0,431685.0
High income,OWID_HIC,1795286709.0,113098678.0,816759909.0
Luxembourg,LUX,903491.0,58725.0,0.0
Democratic Republic of Congo,COD,186749.0,0.0,53013.0
Honduras,HND,0.0,0.0,0.0
Brunei,BRN,738282.0,0.0,336671.0
Kuwait,KWT,0.0,0.0,0.0
Libya,LBY,2291638.0,0.0,630306.0
Low income,OWID_LIC,51375856.0,0.0,19447521.0
Burundi,BDI,0.0,0.0,0.0
Liechtenstein,LIE,50484.0,658.0,24979.0
El Salvador,SLV,9121715.0,664514.0,4041016.0
Equatorial Guinea,GNQ,0.0,0.0,0.0
Asia,OWID_ASI,5303830385.0,97954768.0,2208891007.0
Kosovo,OWID_KOS,1609325.0,0.0,758250.0
Ghana,GHA,3493688.0,0.0,842225.0
Pakistan,PAK,121777985.0,0.0,49613535.0
Panama,PAN,5579376.0,159661.0,2418205.0
Sri Lanka,LKA,29638112.0,0.0,13721117.0
Suriname,SUR,0.0,0.0,0.0
Nicaragua,NIC,0.0,0.0,0.0
Trinidad and Tobago,TTO,1278330.0,0.0,638366.0
Guyana,GUY,668046.0,0.0,271206.0
Upper middle income,OWID_UMC,3695116548.0,109088453.0,1624274933.0
Wales,OWID_WLS,5531897.0,806297.0,2260038.0
World,OWID_WRL,7838119252.0,226525601.0,3333550265.0
Tajikistan,TJK,0.0,0.0,0.0
Mongolia,MNG,4408200.0,0.0,2148807.0
Philippines,PHL,0.0,0.0,0.0
Brazil,BRA,304659197.0,15093083.0,131215922.0
Anguilla,AIA,0.0,0.0,0.0
Fiji,FJI,0.0,0.0,0.0
France,FRA,103736546.0,6101060.0,46830383.0
Germany,DEU,119624410.0,7444156.0,56700762.0
Belarus,BLR,0.0,0.0,0.0
Oceania,OWID_OCE,49331338.0,384487.0,23422605.0
European Union,OWID_EUN,628031978.0,34624638.0,298629162.0
Romania,ROU,14585468.0,0.0,7282874.0
Sweden,SWE,0.0,0.0,0.0
Poland,POL,0.0,0.0,0.0
Israel,ISR,16120297.0,4061695.0,5771249.0
Vietnam,VNM,114591610.0,0.0,46100701.0
Greece,GRC,13863104.0,1062274.0,6541108.0
Ireland,IRL,8081315.0,676994.0,3787564.0
Iran,IRN,0.0,0.0,0.0
Japan,JPN,196440455.0,0.0,96821219.0
Bangladesh,BGD,91737886.0,0.0,35407912.0
Algeria,DZA,0.0,0.0,0.0
Uzbekistan,UZB,0.0,0.0,0.0
Hong Kong,HKG,9324180.0,0.0,4509632.0
Austria,AUT,13317921.0,1498187.0,5878626.0
Isle of Man,IMN,132977.0,0.0,64769.0
Bhutan,BTN,0.0,0.0,0.0
Gabon,GAB,277979.0,0.0,111626.0
Argentina,ARG,0.0,0.0,0.0
Armenia,ARM,0.0,0.0,0.0
Guatemala,GTM,9766742.0,0.0,3929408.0
Italy,ITA,94567198.0,5052946.0,43945103.0
Kiribati,KIR,0.0,0.0,0.0
Azerbaijan,AZE,10363317.0,764782.0,4538992.0
Cape Verde,CPV,0.0,0.0,0.0
Dominican Republic,DOM,13744109.0,1321084.0,5565330.0
England,OWID_ENG,95144934.0,13697204.0,38764212.0
Belize,BLZ,0.0,0.0,0.0
Macao,MAC,899935.0,0.0,422937.0
Morocco,MAR,48719196.0,0.0,22692532.0
Mozambique,MOZ,9706476.0,0.0,3449256.0
Cyprus,CYP,0.0,0.0,0.0
Australia,AUS,38801068.0,375635.0,18533097.0
Hungary,HUN,0.0,2153117.0,5816050.0
Kyrgyzstan,KGZ,1966408.0,0.0,870255.0
Myanmar,MMR,0.0,0.0,0.0
Niger,NER,0.0,0.0,0.0
Chad,TCD,0.0,0.0,0.0
Rwanda,RWA,8748557.0,0.0,3004325.0
Ethiopia,ETH,6890413.0,0.0,1423493.0
Saint Lucia,LCA,0.0,0.0,0.0
Mexico,MEX,131379625.0,0.0,64502180.0
Sao Tome and Principe,STP,0.0,0.0,0.0
Senegal,SEN,1908088.0,0.0,922233.0
Bahrain,BHR,2878762.0,0.0,1155518.0
Botswana,BWA,1352557.0,0.0,469369.0
Indonesia,IDN,0.0,0.0,0.0
Mali,MLI,734759.0,0.0,312488.0
Papua New Guinea,PNG,0.0,0.0,0.0
Russia,RUS,122045399.0,3629573.0,54621506.0
Slovakia,SVK,4954840.0,0.0,2340055.0
India,IND,1193769229.0,0.0,418692797.0
Switzerland,CHE,11676794.0,337445.0,5682486.0
Taiwan,TWN,29932419.0,0.0,11823246.0
Tunisia,TUN,10292254.0,343301.0,5029931.0
Slovenia,SVN,2628287.0,260694.0,1141802.0
China,CHN,2456617000.0,0.0,0.0
Bahamas,BHS,0.0,0.0,0.0
Jordan,JOR,7804321.0,0.0,3703946.0
Tonga,TON,0.0,0.0,0.0
Thailand,THA,89894183.0,3135889.0,39724270.0
Gibraltar,GIB,0.0,0.0,0.0
Nigeria,NGA,9640048.0,0.0,3456204.0
Solomon Islands,SLB,0.0,0.0,0.0
South America,OWID_SAM,577361239.0,27351952.0,247862137.0
Ukraine,UKR,23501133.0,0.0,10438680.0
Syria,SYR,0.0,0.0,0.0
Greenland,GRL,0.0,0.0,0.0
Chile,CHL,40472852.0,8179425.0,16040489.0
Egypt,EGY,0.0,0.0,0.0
Aruba,ABW,161401.0,0.0,77877.0
Croatia,HRV,4047302.0,0.0,1912240.0
Denmark,DNK,9643312.0,693876.0,4444706.0
Albania,ALB,2074670.0,57338.0,951371.0
Bulgaria,BGR,3241333.0,0.0,1725730.0
Lower middle income,OWID_LMC,2296275586.0,4338470.0,873037275.0
British Virgin Islands,VGB,0.0,0.0,0.0
Finland,FIN,0.0,0.0,0.0
Iraq,IRQ,11715365.0,0.0,4468867.0
Guinea-Bissau,GNB,0.0,0.0,0.0
San Marino,SMR,0.0,0.0,0.0
Jersey,JEY,184891.0,0.0,75166.0
Moldova,MDA,1602864.0,0.0,924050.0
Nepal,NPL,0.0,0.0,0.0
United Kingdom,GBR,113467966.0,16383575.0,46232258.0
French Polynesia,PYF,0.0,0.0,0.0
North America,OWID_NAM,742999606.0,43357559.0,325384346.0
Togo,TGO,0.0,0.0,0.0
Spain,ESP,75573156.0,4123858.0,37578516.0
Zimbabwe,ZWE,6486873.0,0.0,2767243.0
Montenegro,MNE,523689.0,0.0,252558.0
Kenya,KEN,6700134.0,0.0,2556755.0
Georgia,GEO,0.0,0.0,0.0
Netherlands,NLD,24487879.0,0.0,0.0
Wallis and Futuna,WLF,0.0,0.0,0.0
Kazakhstan,KAZ,16620755.0,0.0,7969940.0
Africa,OWID_AFR,233095908.0,356468.0,97887111.0
Barbados,BRB,288982.0,0.0,135721.0
Paraguay,PRY,0.0,0.0,0.0
Canada,CAN,60153599.0,1057479.0,28912964.0
Dominica,DMA,0.0,0.0,0.0
Europe,OWID_EUR,931500776.0,57120367.0,430103059.0
Cameroon,CMR,923643.0,0.0,565876.0
Seychelles,SYC,0.0,0.0,0.0
Sint Maarten (Dutch part),SXM,0.0,0.0,0.0
Sierra Leone,SLE,0.0,0.0,0.0
Eswatini,SWZ,306445.0,0.0,260763.0
Maldives,MDV,0.0,0.0,0.0
Costa Rica,CRI,0.0,0.0,0.0
Antigua and Barbuda,ATG,0.0,0.0,0.0
Northern Cyprus,OWID_CYN,0.0,0.0,0.0
Lithuania,LTU,3625444.0,243667.0,1769354.0
Serbia,SRB,7779147.0,1432313.0,3098262.0
Belgium,BEL,17085545.0,1336563.0,8679470.0
Guinea,GIN,2443497.0,0.0,794289.0
Zambia,ZMB,1057879.0,0.0,667433.0
Iceland,ISL,0.0,0.0,0.0
Cambodia,KHM,28510511.0,2186207.0,13262981.0
Comoros,COM,0.0,0.0,0.0
Saint Kitts and Nevis,KNA,0.0,0.0,0.0
Colombia,COL,55391614.0,0.0,24089350.0
South Africa,ZAF,25002232.0,0.0,14115744.0
Czechia,CZE,13215799.0,708930.0,6302286.0
Mauritania,MRT,1734046.0,0.0,673813.0
Turkey,TUR,119726075.0,13413835.0,50192722.0
Venezuela,VEN,0.0,0.0,0.0
Malaysia,MYS,52860695.0,1884824.0,25359517.0
Djibouti,DJI,99679.0,0.0,26087.0
Namibia,NAM,649840.0,0.0,294586.0
Cuba,CUB,0.0,0.0,0.0
Curacao,CUW,197359.0,0.0,94771.0
Peru,PER,40352816.0,516483.0,17669987.0
Qatar,QAT,0.0,0.0,0.0
Saint Vincent and the Grenadines,VCT,52736.0,0.0,22009.0
Cayman Islands,CYM,0.0,0.0,0.0
Lebanon,LBN,3539784.0,0.0,1656653.0
New Zealand,NZL,7415182.0,8852.0,3545917.0
Saudi Arabia,SAU,47200127.0,0.0,22311359.0
Estonia,EST,1473224.0,0.0,783278.0
Scotland,OWID_SCT,9820657.0,1535623.0,3942927.0
Yemen,YEM,0.0,0.0,0.0
Angola,AGO,9026310.0,0.0,2760266.0
Grenada,GRD,0.0,0.0,0.0
Bolivia,BOL,8448131.0,363267.0,4088196.0
South Korea,KOR,83867375.0,2278754.0,40706939.0
Latvia,LVA,2164997.0,0.0,1164867.0
Samoa,WSM,0.0,0.0,0.0
United States,USA,459484427.0,40119462.0,195356316.0
Northern Ireland,OWID_NIR,2970478.0,344451.0,1265081.0
Madagascar,MDG,0.0,0.0,0.0
